Ticker,Company Name,Stock Exchange,Domiciled,Mine Location Country,Mine Location State/Region,Company Type,Primary Assets,Au/Ag Role,Primary Commodity,Notes
GLD,SPDR Gold Shares,NYSE,USA,USA (trust),Global vaults,Physical ETF,Gold bullion trust; ~900t held in HSBC London vault; cash-settled redemption; largest gold ETF,Primary,Gold,AUM ~$90B; 0.40% MER; tracks XAU/USD at 1/10th oz per share; avg 48M+ shares/day; since 2004; iShares by State Street; correlation to XAU 0.998; no dividend; settled in cash not physical on large redemptions
IAU,iShares Gold Trust,NYSE,USA,USA (trust),Global vaults,Physical ETF,Lower-cost GLD alternative; 1/100th oz per share; physically backed; London/Toronto/NY vaults; BlackRock issuer,Primary,Gold,AUM ~$40B; 0.25% MER — cheaper than GLD; good for long-term holders prioritising cost; iShares by BlackRock; same physical backing as GLD; non-dividend paying; very high liquidity
GLDM,SPDR Gold MiniShares,NYSE,USA,USA (trust),Global vaults,Physical ETF,Ultra-low cost gold ETF 0.10% MER — cheapest major US gold ETF; 1/100th oz per share; physically backed; State Street issuer,Primary,Gold,AUM ~$12B; 0.10% expense ratio; ideal cost-sensitive long-term holders; launched 2018; shares = 1/100 oz gold; ICBC Standard Bank custodian; fractional ownership model
SGOL,abrdn Physical Gold Shares ETF,NYSE,USA,Switzerland,Zurich vaults,Physical ETF,Gold physically held in Zurich Switzerland — jurisdictional diversification from London/NY; 0.17% MER; abrdn issuer,Primary,Gold,AUM ~$3.5B; 0.17% MER; unique Swiss vault custody; appeals to investors seeking non-US/UK gold storage; Aberdeen Standard (abrdn) issuer; ticker formerly SGOL on NYSE Arca
PHYS,Sprott Physical Gold Trust,NYSE / TSX,Canada,Canada,Royal Canadian Mint,Physical ETF,Closed-end fund; physically redeemable for 400oz gold bars; held at Royal Canadian Mint; unique physical delivery right vs GLD,Primary,Gold,AUM ~$8B; redeemable in physical gold bars (400oz minimum) — unique vs GLD/IAU; closed-end structure; Sprott Asset Management; TSX: PHY.U; potential tax advantages vs GLD for US investors; sometimes trades at premium/discount to NAV
BAR,GraniteShares Gold Trust,NYSE,USA,USA (trust),ICBC Standard Bank London,Physical ETF,Ultra-low cost at 0.17% MER; physically backed; gold held at ICBC Standard Bank London; 1/100th oz per share,Primary,Gold,AUM ~$1.2B; 0.17% MER; GraniteShares issuer; good low-cost alternative to GLD/IAU; shares = 1/100 oz gold; ICBC Standard Bank custodian London
AAAU,Goldman Sachs Physical Gold ETF,NYSE,USA,UK,Royal Mint Wales vaults,Physical ETF,Physically backed; gold stored at The Royal Mint Wales; 0.18% MER; Goldman Sachs Asset Management issuer; Royal Mint unique custodian,Primary,Gold,AUM ~$700M; 0.18% MER; Royal Mint UK custody — unique vault location; GSAM issuer; competitive low-cost option alongside GLDM/BAR
GOLD,SPDR Gold Shares (ASX),ASX,Australia,Australia (trust),Perth Mint,Physical ETF,ASX-listed physical gold ETF backed by Perth Mint allocated gold; AUD-denominated; ASX: GOLD; most liquid gold ETF on ASX,Primary,Gold,AUM ~A$4B; Perth Mint custody (WA Govt backed); 0.40% MER; AUD denominated; for ASX investors seeking gold exposure without currency hedging; SPDR issued by State Street
GDQ,Perth Mint Gold (PMGOLD),ASX,Australia,Australia,Perth Mint,Physical ETF,ASX: PMGOLD; Perth Mint physically backed; Western Australian Government guarantee on gold; 0.15% MER; lowest cost ASX gold ETF,Primary,Gold,AUM ~A$1.5B; PMGOLD = Perth Mint Physical Gold; 0.15% MER; WA Government backed guarantee adds credit safety vs typical ETF; ideal Australian low-cost gold exposure
GDX,VanEck Gold Miners ETF,NYSE,USA,Global,Global,ETF (major miners),"56 major+mid-tier gold miners; NYSE Arca Gold Miners Index; top holdings NEM, GOLD/Barrick, AEM, WPM, KGC, GFI, EQX, AGI",Primary,Gold,"AUM ~$18B; 0.51% MER; rebalanced quarterly; NEM ~12%, Barrick ~9%, AEM ~8%, WPM ~6%, GFI ~5%; GDX +123% in 2025 vs gold +47%; operational leverage amplifies gold price; excellent liquid proxy for gold equity sector"
GDXJ,VanEck Junior Gold Miners ETF,NYSE,USA,Global,Global,ETF (junior miners),"87 junior+mid-tier gold/silver miners; MVIS Global Junior Gold Miners Index; min 50% revenue from gold/silver; includes AGI, KGC, ELD, PAAS",Primary,Gold,"AUM ~$6B; 0.52% MER; NOT all micro-caps — many $500M-$5B mkt cap; top holdings Alamos Gold, Kinross, Eldorado, Pan American; higher vol + higher upside than GDX; added Snowline Gold (SGD) in GDXJ rebalance March 2026"
RING,iShares MSCI Global Gold Miners ETF,NYSE,USA,Global,Global,ETF (major miners),"MSCI ACWI Select Gold Miners IMI Index; 50+ gold miners globally; ESG screened; includes smaller miners in AU, ZA, CA missed by GDX",Primary,Gold,"AUM ~$700M; 0.39% MER — cheaper than GDX; MSCI ESG screening; broader universe than GDX; good complement to GDX for full-universe exposure; includes SA Gold Fields, Harmony Gold"
SGDM,Sprott Gold Miners ETF,NYSE,USA,Global,Global,ETF (major miners),"Solactive Gold Miners Custom Factors Index; factor-weighted by FCF yield, revenue growth, low debt/equity; quality tilt vs market-cap weighting",Primary,Gold,"AUM ~$180M; 0.50% MER; factor-weighted: overweights AEM, underweights NEM vs GDX; quality gold miner tilt; less market-cap concentration than GDX; Sprott Asset Management issuer"
GOAU,US Global GO GOLD Precious Metal Royalty ETF,NYSE,USA,Global,Global,ETF (royalty),"~65-70% royalty/streaming companies (FNV, WPM, RGLD, OR, SAND); balance in miners; only royalty-focused gold ETF; unique structure",Primary,Gold,"AUM ~$150M; 0.60% MER; 65-70% royalty/streaming — lower vol profile than GDX; FNV ~18%, WPM ~17%, RGLD ~10%; only royalty-focused gold ETF; excellent for investors wanting miner exposure with royalty-co quality characteristics"
GBUG,Sprott Active Gold & Silver Miners ETF,NASDAQ,USA,Global,Global,ETF (active),Only actively managed gold+silver miner ETF; Sprott managed by John Hathaway + Maria Smirnova; combines GDX+SIL universe with active selection; launched Feb 2025,Primary,Gold,AUM ~$80M growing rapidly; 0.75% MER; launched Feb 2025; actively managed by Sprott's Hathaway+Smirnova; selects from GDX/GDXJ/SIL universe; potential alpha vs passive; small but gaining traction 2025
GXG,Betashares Global Gold Miners ETF,ASX,Australia,Global ex-AU,Global,ETF (major miners),ASX-listed; tracks Solactive Global Gold Miners Index ex-Australia; provides AUS investors non-AU gold miner exposure; AUD denominated; hedged to AUD,Primary,Gold,"AUD hedged; tracks non-Australian gold miners in AUD; top holdings NEM, GOLD/Barrick, AEM, KGC; complementary to domestic ASX gold stocks; 0.57% MER; Betashares issuer"
FNV,Franco-Nevada Corp.,NYSE / TSX,Canada,Global (50+ countries),"Americas, Africa, Australasia",Royalty/Streaming,"119 producing assets; Cobre Panama (halted+$5B claim), Candelaria CL (Au/Ag stream), Antamina PE (Ag stream), Antapaccay PE, Goldstrike NV; energy portfolio; 20-year dividend growth record",Primary,Gold,"~$30B mkt cap; 70% gold / 11% silver / 8% PGM rev; record $369M revenue Q2 2025 +42% YoY; Cobre Panama shut Nov 2023, $5B ICSID arbitration filed; zero debt; 21 consecutive dividend increases; CEO Paul Brink; founded 2007; $2M Goldstrike royalty → $1B+ returns — defining royalty story"
WPM,Wheaton Precious Metals Corp.,NYSE / TSX,Canada,Global (14 countries),"Americas, Europe, Australasia",Royalty/Streaming,23 operating mines + 25 development projects; Salobo/Constancia/Antamina/Penasquito silver streams; gold streams; Stillwater platinum stream; WPM projects 50% GEO growth to 1.2M by 2030,Primary,Gold,"~$30B mkt cap; 60% gold / 36% silver / 4% PGM rev; record Q2 2025 $503M rev, $415M OpCF, $1B cash, zero debt; silver streams on copper mines = low-cost silver; CEO Randy Smallwood; NOTE: classified as Gold due to 60% gold dominance; 4 dividend increases in 4 years"
RGLD,Royal Gold Inc.,NASDAQ,USA,Global,"Americas, Africa, Europe",Royalty/Streaming,"188 properties (41 producing); cornerstone: Mt Milligan BC (Au/Cu), Pueblo Viejo DO, Cortez NV, Khoemacau BW; disciplined North Americas focus; 28-yr dividend growth streak",Primary,Gold,~$12B mkt cap; record Q4 2025 revenue + record FY2025; 75% gold/25% silver revenue; 28-year dividend growth streak — remarkable consistency; CEO Bill Heissenbuttel; disciplined acquirer of long-life low-decline assets; $1B revolving credit; North American jurisdiction preference
OR,OR Royalties (Osisko Gold Royalties),NYSE / TSX,Canada,Global (mainly Americas),"Canada, USA, Latin America",Royalty/Streaming,150+ royalties/streams/offtakes; 17 producing; cornerstone: Canadian Malartic 5% NSR (world's largest open-pit Au mine); Pandion Au/Ag stream; 90% Americas-focused,Primary,Gold,~$5B mkt cap; record 2025 results; Canadian Malartic alone ~60% of revenue; CEO Sandeep Singh; C$50.8M buyback 2025; 4th consecutive 5% royalty increase; strong Quebec/Ontario focus; growing pipeline of development royalties
TFPM,Triple Flag Precious Metals Corp.,NYSE / TSX,Canada,Global,"Americas, Australia",Royalty/Streaming,Producing + dev streams; Cerro Lindo ZN/PB/CU PE silver stream; ATO gold mine AU stream; RBPlat ZA platinum stream; Mt Keith WA gold stream; Discovery Silver stream; 4 consecutive 5% dividend increases,Primary,Gold,~$4B mkt cap; record CF per share 2025; 4 consecutive 5% div increases since 2021 IPO; CEO Shaun Usmar; youngest top-5 royalty co — fastest growing pipeline; ~$94M Q2 2025 rev +50% YoY; focused on Americas+Australia; high-quality operator JV partners
SAND,Sandstorm Gold Royalties,NYSE / TSX,Canada,Global,"Americas, Africa, Australia",Royalty/Streaming,"200+ royalties; Hod Maden TK cornerstone (3.6 Moz Au, Lidya Madencilik operator); Aurizona BR stream; Santa Elena MX Ag/Au; diverse greenfield royalty portfolio; C$125M bought deal Jun 2025",Primary,Gold,~$2.5B mkt cap; Hod Maden Turkey = NAV catalyst but geopolitical risk; 200+ royalties across 30+ countries; CEO Nolan Watson; most torque to exploration upside of top royalty cos; TSX: SSL; NYSE: SAND; recently acquired Nomad Royalty 2022
EMX,EMX Royalty Corp.,NYSE / TSX.V,Canada,Global (20+ countries),"Europe, Americas, Australasia",Royalty/Streaming,"70+ royalty interests; Timok Cu-Au Serbia (Zijin 0.5% NSR); Leeville NV NSR; Balya Pb-Zn-Ag TK; unique royalty generation model — stakes ground, earns royalties via JV drilling",Primary,Gold,~$250M mkt cap; unique royalty generation model = creates royalties from scratch; 70+ royalties in 20+ countries; Timok Serbia world-class Cu-Au mine (Zijin operator); CEO David Cole; growing European portfolio; OTCQX: EMXCF
GROY,Gold Royalty Corp.,NYSE,USA,Americas,"Canada, USA, Latin America",Royalty/Streaming,"Roll-up of 3 companies (Elemental, Ely, Golden Valley 2021-22); Borden ON (Newmont), Canadian Malartic NSR, Odyssey North QC royalties; 200+ royalties primarily Canadian Abitibi gold camp",Primary,Gold,~$250M mkt cap; CEO David Garofalo (ex-Goldcorp); built diverse small/growing royalty portfolio; primarily Abitibi QC camp royalties; development-stage heavy; discount to larger peers; growing with Malartic+Borden in production; NYSE: GROY
METL,Metalla Royalty & Streaming Ltd.,NYSE / TSX.V,Canada,Americas,"Canada, USA, Mexico",Royalty/Streaming,25+ royalties; Endeavour Silver streams; Fortitude NV NSR (Barrick adjacent); Nuvau Monde QC royalty; COSE CO NSR; focused on building production-stage royalty portfolio; dividend payer,Primary,Gold,~$300M mkt cap; CEO Brett Heath; aggressive acquirer of small-medium royalties; dividend paying; Fortitude NV (Barrick adjacent) high-quality Nevada royalty; growing from 25 to 50+ royalties; TSX.V: MTA; NYSE American: MTA
MXLG,Maverix Metals Inc.,Note,Canada,Americas,Americas,Note,Acquired by Triple Flag Precious Metals (TFPM) in Jan 2023 for C$1.0 per share; Maverix ticker MXLG/MMX now delisted; assets absorbed into TFPM portfolio. See TFPM entry.,Primary,Gold,Historical reference: Maverix was acquired by Triple Flag (TFPM) in early 2023. Ticker delisted. All assets now held by TFPM. See TFPM entry for current exposure.
ELE,Elemental Altus Royalties Corp.,TSX.V / LSE,Canada,Global,"Americas, Africa, Australia",Royalty/Streaming,"Royalty generator + acquirer; Wahgnion BF stream (Endeavour operating); NSR royalties on Coté Gold ON (IAMGOLD), Karlawinda WA (Capricorn), Cozamin MX; dual TSX.V + LSE listed",Primary,Gold,~$200M mkt cap; dual Canadian+UK listed — broader investor base; royalty generator model; Coté Gold ON (IAMGOLD) production royalty; Karlawinda WA low-cost Australian gold; CEO Frederick Bell; growing pipeline of production royalties; TSX.V: ELE; LSE: ELE
NEM,Newmont Corporation,NYSE / TSX / ASX,USA,Global (11 countries),"Americas, Africa, Australasia",Producer (major),"World's largest gold miner; 17 operating mines post-Newcrest acquisition; Boddington WA, Tanami NT, Cadia NSW, Lihir PNG, Yanacocha PE, Ahafo GH, Nevada ops NV; divesting 6 non-core mines for $4B+",Primary,Gold,"~$50B mkt cap; 6+ Moz annual Au production; Newcrest acquisition Oct 2023 added Cadia/Lihir/Red Chris; 2025 restructuring — divesting Éléonore QC, CC&V CO, Porcupine ON, Musselwhite ON, Telfer WA, Akyem GH for $4B+; CEO Tom Palmer; Ahafo North GH commercial production 2025"
ABX,Barrick Mining Corporation,NYSE / TSX,Canada,Global (18 countries),"Americas, Africa, Middle East",Producer (major),"Carlin NV, Cortez NV, Turquoise Ridge NV (Nevada JV with NEM), Pueblo Viejo DO, Kibali DRC, Lumwana ZM (Cu expansion), Loulo-Gounkoto ML (suspended Jan 2025), Reko Diq PK (Cu-Au dev 37.5%)",Primary,Gold,~$45B mkt cap; NYSE: GOLD (confusingly); TSX: ABX; 4.0-4.5 Moz Au equiv production; CEO Mark Bristow; Loulo-Gounkoto Mali suspended by junta Jan 2025 — significant risk; Lumwana Cu ZM expanding to 240ktpa Cu; Reko Diq PK Cu-Au world-class dev; strong Africa position
AEM,Agnico Eagle Mines Limited,NYSE / TSX,Canada,"Canada, Australia, Mexico, Finland","Quebec, Nunavut, WA, Sonora, Lapland",Producer (major),"Canadian Malartic QC (50%, world's largest open-pit), Detour Lake ON, LaRonde QC, Goldex QC, Meadowbank NU, Macassa ON, Fosterville VIC, Kittila FI, Pinos Altos MX; Hope Bay NU dev",Primary,Gold,"~$70B mkt cap — #1 by mkt cap 2025; 3.4-3.6 Moz annual prod; AISC ~$1,150/oz = lowest of majors; CEO Ammar Al-Joundi; Detour Lake ON (22 Moz reserve); Nunavut Hope Bay option; strongest ESG + lowest AISC in major gold sector; equity stakes in multiple Canadian juniors 2025"
AGI,Alamos Gold Inc.,NYSE / TSX,Canada,"Canada, Mexico, Türkiye","Ontario, Sonora, Ağrı",Producer (major),"Young-Davidson ON, Island Gold ON (Phase 3 expansion, doubles production), Mulatos MX (post-Orla merger Camino Rojo Sonora), Lynn Lake MB (dev); Kirazlı TK permitted; record FCF 2024",Primary,Gold,~$12B mkt cap; record 567koz prod + $272M FCF 2024; Island Gold Phase 3 doubles to 300koz by 2026; CEO John McCluskey; no debt; lowest-cost Canadian gold producer; Camino Rojo MX major growth asset (Orla merger); TSX: AGI; NYSE: AGI
KGC,Kinross Gold Corporation,NYSE / TSX,Canada,"USA, Brazil, Mauritania, Chile","Nevada, Pará, Tasiast, Atacama",Producer (major),"Tasiast MR (expansion complete 21ktpd, 3.5Moz reserve), Fort Knox AK, Bald Mountain NV, Round Mountain NV, Paracatu BR (55Mt reserve), Great Bear-successor Lobo-Marte CL dev",Primary,Gold,~$18B mkt cap; 2.1 Moz annual production; CEO J. Paul Rollinson; Tasiast expansion complete — major FCF catalyst; Paracatu BR = Americas' largest single gold mine (55-yr life); Lobo-Marte CL dev asset; $2.2B liquidity; TSX: K; NYSE: KGC; 3 US dev projects funded
AU,AngloGold Ashanti Limited,NYSE / JSE,South Africa,Global (9 countries),"Americas, Africa, Australia",Producer (major),"Geita TZ, Obuasi GH, Tropicana WA (50% JV), Sunrise Dam WA, Serra Grande BR, Kibali DRC (45% JV), Cuiabá BR, Sukari EG (acquired via Centamin Jan 2025); relocated HQ to Denver 2024",Primary,Gold,~$15B mkt cap; HQ moved Denver 2024 — re-rating catalyst; CEO Alberto Calderon; Centamin acquisition adds Sukari EG (11Moz reserve); 2.7-3.0+ Moz production; 3M oz producer 2025 first full Sukari year; Augusta Gold NV acquisition 2025 adds US exposure; NYSE: AU; JSE: ANG
EDV,Endeavour Mining plc,TSX / LSE,UK,West Africa,"Côte d'Ivoire, Senegal, Burkina Faso, Mali",Producer (major),"Sabodala-Massawa SN, Ity CI, Lafigué CI (new 2024), Houndé BF, Mana BF; Bantou BF exploration; Wahgnion BF (divested); Fetekro CI development",Primary,Gold,"~$8B mkt cap; 1.4-1.6 Moz from 5 West African mines; Lafigué CI opened 2024 — low AISC first years; CEO Ian Cockerill (2023 replacement); strong FCF; LSE: EDV, TSX: EDV; Burkina Faso security risk elevated; Wahgnion divested to Lilium Gold"
GFI,Gold Fields Limited,NYSE / JSE,South Africa,Global,"Australia, Ghana, South Africa, Peru, Chile",Producer (major),"South Deep ZA (45yr mine life), Tarkwa GH, Damang GH, Gruyere WA (50% JV with Gold Road), Salares Norte CL (opened 2024), Cerro Corona PE; acquired Gold Road Resources (ASX: GOR) 2025",Primary,Gold,~$15B mkt cap; 2.1-2.3 Moz production; Salares Norte CL opened 2024 — low AISC first years; acquired Gold Road AU (Gruyere 50%→100%) 2025 for A$3.7B; CEO Mike Fraser; South Deep ZA largest by reserve; dual NYSE+JSE; failed Yamana merger 2022 (outbid by AEM)
EQX,Equinox Gold Corp.,NYSE / TSX,Canada,Americas,"Brazil, USA, Canada, Mexico",Producer (major),"Greenstone ON (50% Orion JV, new May 2024, 400koz/yr capacity), Aurizona BR, Fazenda BR, Santa Luz BR, Mesquite CA; Los Filos MX paused; Los Castillos CL dev; Hardrock ON dev",Primary,Gold,~$4B mkt cap; Greenstone ON opened May 2024 — transformational 400koz/yr mine; CEO Greg Smith; 700-800koz prod 2025; Brazil cluster strong FCF; Los Filos MX paused community issues; Hardrock ON = Greenstone Phase 2; TSX: EQX; NYSE: EQX
IAG,IAMGOLD Corporation,NYSE / TSX,Canada,"Canada, Burkina Faso, Senegal","Ontario, Burkina Faso, Senegal",Producer (major),"Côté Gold ON (70% stake, opened Jan 2024, 180koz/yr ramp; 7Moz reserve), Essakane BF (90%, 400koz/yr), Boto SN development; Westwood QC care+maintenance",Primary,Gold,~$4B mkt cap; Côté Gold ON = Canada's largest new gold mine in decades; opened Jan 2024; Essakane BF 400koz/yr; CEO Renaud Adams; Côté ramp-up challenges 2024 but improving 2025; Westwood QC post-seismic care+maintenance; transformational moment for IAMGOLD
BTG,B2Gold Corp.,NYSE / TSX,Canada,"Mali, Namibia, Philippines, Colombia","Fekola ML, Otjikoto NM, Masbate PH, Gramalote CO dev",Producer (major),"Fekola ML (500-600koz/yr, Fekola Regional discovery), Otjikoto NM, Masbate PH; Gramalote CO dev (JV with AngloGold Ashanti); Toega ML exploration",Primary,Gold,~$5B mkt cap; Fekola ML flagship — Sabodala trend expansion; CEO Clive Johnson; strong FCF + aggressive dividends; Mali junta risk 2022-2025 but Fekola operating; Otjikoto NM low-cost; Gramalote CO dev JV with AU; one of sector's best dividend growth records; TSX: BTO
NST,Northern Star Resources Limited,ASX,Australia,"Australia, USA","Western Australia, Alaska",Producer (major),"KCGM Super Pit Kalgoorlie WA (expansion to 900koz/yr by 2028), Pogo AK, Jundee WA, Thunderbox WA, Carosue Dam WA; Hemi WA (acquired from De Grey Mining 2025 for A$5B)",Primary,Gold,~A$30B mkt cap; 2.0+ Moz annual production; KCGM mill expansion = production + FCF step-change by 2028; De Grey acquisition A$5B adds Hemi WA world-class deposit (9Moz); CEO Stuart Tonkin; strong ASX dividend payer; Australia's 2nd largest gold miner; NYSE ADR: NEM AU cross-listed
EVN,Evolution Mining Limited,ASX,Australia,"Australia, Canada","Queensland, NSW, WA, Ontario",Producer (major),"Cowal NSW (expansion to 2042), Northparkes NSW (Cu-Au; 30% JV), Mungari WA (expansion), Red Lake ON (acquired 2020), Ernest Henry QLD (Cu-Au 100% from Glencore 2022), Mt Rawdon QLD",Primary,Gold,~A$20B mkt cap; 710-780koz production FY25; CEO Lawrie Conway; Northparkes 30% ownership (Cu-Au) = unique base metal diversification; Cowal NSW expansion to 2042; Mungari mill expansion complete 2025 — Kalgoorlie hub growth; record net mine CF Q3 2025 $366M; strong ASX dividend
CMM,Capricorn Metals Limited,ASX,Australia,Australia,Western Australia,Producer (mid-tier),"Karlawinda Pilbara WA (70koz/yr; AISC ~A$1,250/oz — lowest on ASX); Mt Gibson Mid-West WA (development, 1.3Moz reserve, self-funding from Karlawinda FCF)",Primary,Gold,"~A$6B mkt cap; AISC ~A$1,250/oz = sector's lowest on ASX; Mt Gibson dev funded by Karlawinda FCF (no debt); CEO Mark Clark; strong FCF profile; no dividend yet — reinvesting into Mt Gibson; Pilbara infrastructure advantage; one of ASX's best-run gold producers"
RRL,Regis Resources Limited,ASX,Australia,Australia,Western Australia,Producer (mid-tier),"Duketon WA mining centre (Garden Well, Rosemont, Erlistoun); McPhillamys NSW (dev, 3.5Moz resource, WA offset mines provide FCF during wait); Tropicana WA (30% JV with AngloGold)",Primary,Gold,"~A$4B mkt cap; Duketon WA multi-pit complex; McPhillamys NSW development (3.5Moz); Tropicana WA 30% JV; CEO Jim Beyer; reliable mid-tier WA producer; led realised price at $5,405/oz Q2 2025; ASX-only listed"
GMD,Genesis Minerals Limited,ASX,Australia,Australia,Western Australia,Producer (mid-tier),"Leonora district WA: Gwalia underground (St Barbara flagship mine, high-grade, >5 Moz resource), Tower Hill WA, Ulysses WA; ASPIRE 400 strategy targets 400koz/yr production; acquired St Barbara assets 2023",Primary,Gold,~A$6B mkt cap; ASPIRE 400 strategy: grow Leonora district to 400koz/yr; CEO Raleigh Finlayson (ex-Saracen/NST); acquired St Barbara's Leonora assets (Gwalia+Tower Hill) 2023 — transformational; Leonora district-scale consolidation; strong WA management team
RMS,Ramelius Resources Limited,ASX,Australia,Australia,Western Australia,Producer (mid-tier),"Mt Magnet WA (hub), Vivien WA, Rebecca WA (dev); Edna May WA (care+maintenance); Penny WA; Eridanus WA discovery; hub-and-spoke WA production model generating 300koz+/yr",Primary,Gold,~A$5B mkt cap; 280-320koz WA production; hub-and-spoke model — Mt Magnet + Vivien + Rebecca feeds; CEO Mark Zeptner; Rebecca WA development adds production 2026+; Eridanus discovery in Mt Magnet area adds upside; consistent ASX dividend payer; strong WA community reputation
WGX,Westgold Resources Limited,ASX,Australia,Australia,Western Australia,Producer (mid-tier),"Murchison WA goldfield: Paddy's Flat, Big Bell, Bluebird-South Junction, Starlight; acquired Karora Resources (WA, CA) in 2024 for A$1.3B; Beta Hunt Mine WA (high-grade Au-Ni)",Primary,Gold,~A$4B mkt cap; Karora acquisition 2024 added Beta Hunt WA + Higginsville WA; CEO Wayne Bramwell; Murchison WA multi-mine complex; Beta Hunt has famous high-grade sections (Father's Day Vein); transformation from mid-tier to significant producer via Karora deal
PRU,Perseus Mining Limited,ASX / TSX,Australia,West Africa,"Côte d'Ivoire, Ghana, Sudan",Producer (mid-tier),"Yaouré CI (flagship, 200koz/yr, low AISC), Sissingué CI, Edikan GH; Meyas Sand Sudan (70% JV, dev); Koné CI (31.4% stake); CMA underground CI (dev, extends Yaouré to 2035)",Primary,Gold,"~A$4B mkt cap; ~500koz annual production 3 mines; AISC ~US$1,147/oz 2024 = very low cost; CEO Jeff Quartermaine; Yaouré CI transformational 2021 — now flagship; Koné CI 31.4% stake = large undeveloped CI deposit; final investment decision CMA underground Jan 2025; ASX: PRU; TSX: PRU"
OGC,OceanaGold Corporation,ASX / TSX,Australia,"New Zealand, Philippines, USA","Waihi NZ, Didipio PH, Haile SC",Producer (mid-tier),"Haile SC USA (flagship 220koz/yr, low political risk), Didipio PH Cu-Au underground (operational post-permit), Waihi NZ (Martha underground), Macraes NZ; WKP NZ dev",Primary,Gold,~$3B mkt cap; Haile SC = key US gold producer with large reserve; Didipio PH operational again post-2021 permit; Waihi NZ Martha underground high-grade; CEO Gerard Bond; ~520koz production; 4-mine portfolio across 3 continents; dual ASX+TSX; CDN HQ
DGC,Dundee Precious Metals Inc.,TSX,Canada,"Bulgaria, Namibia","Chelopech, Tsumeb",Producer (mid-tier),"Chelopech Cu-Au BG (1.5Moz Au reserve), Ada Tepe BG (low-cost open-pit Au), Tsumeb smelter NM (custom smelting revenue); Čoka Rakita SR (high-grade Au-Ag dev)",Primary,Gold,~$3B mkt cap; AISC ~$800/oz = sector's lowest globally — Chelopech+Ada Tepe world-class low-cost Bulgarian assets; Tsumeb NM smelter custom revenue; Čoka Rakita SR dev (high-grade underground Au-Ag); CEO David Rae; strong FCF; TSX only; no NYSE listing
WDO,Wesdome Gold Mines Ltd.,TSX,Canada,Canada,"Ontario, Quebec",Producer (mid-tier),"Eagle River Complex ON (100-120koz/yr, 12+ g/t Au, underground); Kiena Complex QC (Kiena Deep new zone 22 g/t Au, ramping 2024); Mishi open pit ON",Primary,Gold,~$2B mkt cap; Eagle River ON = Canada's highest-grade operating gold mines; Kiena Deep discovery transforms QC asset — 22 g/t Au; CEO Warwick Morley-Jepson; all-Canadian ops; undervalued vs peers on FCF; TSX only; record 2025 financial results
CG,Centerra Gold Inc.,NYSE / TSX,Canada,"Canada, Türkiye, Finland","British Columbia, Ağrı, North Karelia",Producer (mid-tier),"Mt Milligan BC (75% Au-Cu open-pit; WPM gold stream), Öksüt TR (gold heap leach; suspended security concerns 2025), Kemess BC (Cu-Au underground dev); FS due Kemess 2026",Primary,Gold,"~$2B mkt cap; Mt Milligan BC major asset with WPM gold stream; Öksüt TR suspended — Turkey security concerns; Kemess BC underground dev option; CEO Paul Tomory; Kyrgyz Republic exit 2022 (Kumtor confiscated, settled); TSX: CG; NYSE: CGAU"
BTG.V,B2Gold (see BTG entry above),Note,Canada,Global,Global,Note,Note: B2Gold NYSE: BTG; TSX: BTO. See BTG entry in Major Producers section.,Primary,Gold,"Same as BTG — NYSE ticker is GOLD (actually Barrick), B2Gold NYSE is BTG. TSX is BTO."
TOREX,Torex Gold Resources Inc.,TSX,Canada,Mexico,Guerrero,Producer (mid-tier),"El Limón Guajes ELG MX (12Moz reserve; existing open-pit + underground); Media Luna MX (new underground mine below ELG, commissioning 2025; 150-200koz additional at lower AISC); 500-550koz peak",Primary,Gold,~$3B mkt cap; ELG Mexico Guerrero Gold Belt; Media Luna underground commissioning 2025 — major production+FCF step-up; CEO Jody Kuzenko; Guerrero security risk; strong fortress infrastructure; TSX: TXG; no NYSE listing; strong FCF profile
MAI,Minera Alamos Inc.,TSX.V,Canada,Mexico,"Sonora, Jalisco",Producer (mid-tier),"Santana Au MX (open-pit heap leach, 50-60koz/yr, since 2021); La Fortuna Au MX (Jalisco, 2Moz resource, FS underway, 120koz target); Los Verdes Cu MX",Primary,Gold,~$400M mkt cap; Santana MX in production; La Fortuna Jalisco growth asset — 2Moz Au FS targeting 120koz/yr; CEO Doug Ramshaw; track record building on-budget Mexico mines; low capex heap leach model; TSX.V: MAI; OTCQX: MAIFF
GATO,Galiano Gold Inc.,NYSE / TSX,Canada,Ghana,Ashanti Region,Producer (mid-tier),Asanko Gold Mine GH: 45% JV with Gold Fields (55% and manager); 2-mine complex Esaase + Abore pits; ~170koz/yr; Midras exploration district,Primary,Gold,~$500M mkt cap; NYSE: GAU; Asanko JV with GFI — GFI manages; Midras district exploration upside; CEO Matt Badylak; Ghana gold jurisdiction; transitioning to reliable mid-tier; Esaase expansion drilling 2025
MAKO,Mako Mining Corp.,TSX.V,Canada,Nicaragua,Nueva Segovia,Producer (mid-tier),"San Albino Mine NI (high-grade, 7.2 g/t Au avg, 50-60koz/yr from open-pit+underground; highest-grade open-pit at commissioning in Americas in 2021); expansion to 100koz/yr",Primary,Gold,~$250M mkt cap; San Albino NI high-grade; CEO Akiba Leisman; cash flow positive; Nicaragua political risk; growing toward 100koz underground expansion; TSX.V: MKO; OTCQX: MAKOF
MAU,Monarch Mining Corporation,TSX,Canada,Canada,Quebec,Developer,"Wasamac QC (3.9Moz reserve, fully permitted underground, C$800M NPV); Beaufor QC (past-producing, restart-ready); McKenzie Break QC; Swanson QC",Primary,Gold,"~$300M mkt cap; Wasamac QC fully permitted — 3.9Moz @ 2.5 g/t Au; C$800M NPV at $1,800 Au; underground bulk tonnage; CEO Paraag Sharma; Beaufor restart adds near-term FCF; Quebec regulatory clarity premium; Osisko spinout pedigree"
ORE,Orezone Gold Corporation,TSX,Canada,Burkina Faso,Centre-Ouest Region,Producer (mid-tier),"Bomboré BF: Phase 1 open-pit 100koz/yr (in production 2023), Phase 2 sulphide mill 140koz/yr expansion; 5.7Moz resource; 85km paved road Ouagadougou",Primary,Gold,~$400M mkt cap; Bomboré BF Phase 1 in production; Phase 2 CIL mill transforms to 140koz; CEO Patrick Downey; Burkina Faso junta political risk offset by strategic location; TSX: ORE
NGD,New Gold Inc.,NYSE / TSX,Canada,Canada,"British Columbia, Ontario",Producer (mid-tier),"New Afton BC (Cu-Au block cave; C-Zone deepening adds production 2026+, ~30% copper revenue), Rainy River ON (Au-Ag open-pit + underground ramp)",Primary,Gold,~$2B mkt cap; New Afton BC: copper+gold block cave; Rainy River ON gold-silver; CEO Patrick Godin; copper revenue meaningful (~30%); TSX: NGD; NYSE: NGD; C-Zone new block cave adds production+FCF step-up 2026
CXB,Calibre Mining Corp.,TSX / NYSE,Canada,"Nicaragua, USA","Nueva Segovia NI, Nevada NV",Producer (mid-tier),"El Limon NI (Au-Ag underground), La Libertad NI (multi-pit), Pavon NI; Valentine Gold NL (Canada, acquired from Marathon Gold 2023; 3Moz reserve, 195koz/yr at full rate)",Primary,Gold,"~$1.5B mkt cap; Valentine Gold NL (Newfoundland) = transformational acquisition from Marathon 2023 — under construction, large CA project; Nicaragua operations generate FCF funding Valentine; CEO Darren Hall; TSX: CXB; NYSE: CXB"
SKE,Skeena Resources Limited,TSX / NYSE,Canada,Canada,British Columbia,Developer,Eskay Creek BC (legendary past-producer; restart as open-pit+underground; 10Moz AuEq reserve at 4.6 g/t; Tahltan Nation partnership; FS complete),Primary,Gold,~$1.5B mkt cap; Eskay Creek BC = most prolific Canadian gold mine in history (restart); 10Moz AuEq; high silver content ~80Moz Ag; CEO Walter Coles Jr.; FS complete; permitting advancing with Tahltan support; Golden Triangle BC; high ESG profile; NYSE: SKE
SGD,Snowline Gold Corp.,TSX / OTCQB,Canada,Canada,Yukon,Developer,"Valley Deposit YK: 7.94Moz Au M+I @ 1.21 g/t (204Mt); PEA complete Jul 2025 — low cost open pit; Rogue Project +3,600km² land; RIRGS intrusion-related gold system; added to GDXJ Mar 2026",Primary,Gold,~$2B mkt cap; Valley Deposit Yukon = one of world's most significant recent gold discoveries; 7.94Moz M+I high quality bulk tonnage; PEA strong economics Jul 2025; CEO Jordan Trimble; B2Gold 19.9% strategic stake; GDXJ inclusion Mar 2026 = institutional validation; 100% owned; TSX: SGD; OTCQB: SNWGF
NFGC,New Found Gold Corp.,TSX.V / NYSE,Canada,Canada,Newfoundland,Explorer/Developer,"Queensway Au Project NL: bonanza-grade drill results (e.g. 93.5 g/t over 6.7m; 24.8 g/t over 19m) in Appalachian gold belt; large 2,000km² land package; 5+ active zones",Primary,Gold,~$1B mkt cap; NYSE: NFGC; Queensway NL = one of highest-grade drill results in Canadian history 2020-2025; Newfoundland gold boom; CEO Collin Kettell; Caterpillar+Wheaton Precious Metals as stakeholders; FS not yet complete — still in resource definition; transformative discovery
AMK,Aris Mining Corporation,TSX / NYSE,Canada,Colombia,"Antioquia, Chocó",Producer (mid-tier),Segovia Au Complex CO (multiple underground mines; 230koz/yr; bonanza-grade veins); Marmato CO underground expansion; Soto Norte CO dev; GCM Mining merger 2023,Primary,Gold,~$1.5B mkt cap; Segovia CO mines complex = one of world's highest-grade Au ops ~20+ g/t; CEO Neil Woodyer; Marmato underground expansion doubles production; Colombia political risk elevated but established operations; NYSE: ARMN; TSX: ARIS
GGO,Gogold Resources Inc.,TSX,Canada,Mexico,"Jalisco, Durango",Explorer/Developer,"Los Ricos North+South Jalisco MX (epithermal Ag-Au; 11Moz AuEq combined resource, active growth drill program); Parral MX (Ag tailings retreatment, cash flow generating)",Primary,Gold,~$500M mkt cap; Los Ricos district Jalisco MX — growing via aggressive drilling 2024-2025; Parral tailings cash flow; CEO Brad Langille; PEA strong economics; Jalisco gold-silver corridor highly prospective; TSX: GGD
DRY,Dryden Gold Corp.,TSX.V,Canada,Canada,Ontario,Explorer/Developer,Confederacy Property ON: Gold Rock Camp (high-grade intercepts e.g. 8.2 g/t over 44m); Dryden Gold District ON; undervalued re high gold price environment per analyst commentary,Primary,Gold,~$100M mkt cap; Dryden Ontario gold district; Gold Rock Camp zone strong intercepts; CEO Tara Christie; Ontario junior with district-scale potential; cited as undervalued pick for high gold environment; TSX.V: DRY
RVG,Revival Gold Inc.,TSX.V / OTCQX,Canada,USA,"Idaho, Utah",Developer,"Beartrack-Arnett Au ID (1.7Moz Au; FS underway); Mercur Au UT (past-producing, 1Moz+, heap leach restart study); largest pure-gold US developer on TSXV",Primary,Gold,~$100M mkt cap; Beartrack-Arnett ID = largest pure-gold undeveloped US deposit on TSXV; Mercur UT past-producing restart; CEO Hugh Agro; Idaho + Utah = Tier-1 US jurisdictions; FS imminent for Beartrack; OTCQX: RVLGF
GEX,Gold Explorers,Note,N/A,N/A,N/A,Note,See Junior Gold Explorers section below for companies at exploration stage.,Primary,Gold,Placeholder row — see explorer section below
PPX,Perpetua Resources Corp.,NASDAQ / TSX,USA,USA,Idaho,Developer,Stibnite Gold Project ID: 4.8Moz Au + antimony resource (US only primary domestic antimony source); DOD critical mineral designation; AEM strategic investor; FS complete,Primary,Gold,~$500M mkt cap; Stibnite ID = gold + critical antimony (US defence strategic); DOD designation drives federal support; AEM strategic stake; final ROD (Record of Decision) environmental approval 2023; financing structure under discussion 2025; NASDAQ: PPTA; TSX: PPTA
MTA,Metals Acquisition Corp.,NYSE,USA,Australia,New South Wales,Royalty/Streaming,CSA Cobar NSW Cu mine (acquired from Glencore 2023; ~40Mt @ 3.5% Cu; 6.5Moz Ag resource); hybrid mine-owner + royalty/streaming acquisitions model; copper-silver mine,Primary,Gold,~$1.3B enterprise value; Unique: owns CSA NSW mine AND operates as royalty/streaming company; CSA high-grade Cu-Ag; CEO Michael McMullen; listed NYSE 2023 via SPAC; silver meaningful at CSA — note: if silver > 50% reclassify; currently primary value from Cu
PPTA,Perpetua Resources (see PPX above),Note,USA,USA,Idaho,Note,NASDAQ: PPTA = Perpetua Resources. Same as PPX entry. TSX: PPTA. See PPX entry above.,Primary,Gold,Same as PPX entry — Perpetua Resources trades as PPTA on NASDAQ and TSX
GS,Gran Tierra Energy (Mkt cap < gold),Note,N/A,N/A,N/A,Note,GS is Goldman Sachs on NYSE. Not a gold miner. Remove from database if added by mistake.,Primary,Gold,Not a gold company — Goldman Sachs Group NYSE: GS. Remove.
KDX,Klondike Gold Corp.,TSX.V / OTCQB,Canada,Canada,Yukon,Explorer,"Klondike District YK: Lone Star zone, Stander zone; 25km of Bonanza Creek valley; district-scale Au exploration in historic Klondike goldfields",Primary,Gold,~$50M mkt cap; Klondike District YK = historic goldfield with modern exploration upside; Lone Star zone phase 3 results Jan 2026; CEO Emily Doris; TSX.V: KG; OTCQB: KDKGF
ONYX,Onyx Gold Corp.,TSX.V,Canada,Canada,Ontario,Explorer,"Munro-Croesus Project ON: Timmins area, 109km²; historic Croesus mine (95.3 g/t historical grade); new zones expanding 2025; 846% share price gain YTD Jul 2025",Primary,Gold,~$120M mkt cap; best-performing TSXV gold stock to Jul 2025 (+846%); Munro-Croesus ON near Timmins; historic Croesus mine high grade; expanding land 200% 2020-2025; CEO; land acquisition 2025 adds 17 additional claims; active drill program summer 2025
PPP,Prospector Metals Corp.,TSX.V / OTCQB,Canada,Canada,Yukon,Explorer,"ML Gold Project YK: 10,869ha near Brewery Creek mine; Tintina Gold Belt; B2Gold strategic partner (19.9% stake); TESS Au-Cu zone discovery Oct 2025; led TSXV 50 2025",Primary,Gold,"~$200M mkt cap; #1 TSXV 50 performer 2025 (+1130% share price, +3122% mkt cap); B2Gold strategic 19.9% stake; TESS Au-Cu discovery zone Oct 2025; Tintina Gold Belt YK; strong institutional support from B2Gold; CEO"
BYN,Banyan Gold Corp.,TSX.V,Canada,Canada,Yukon,Explorer,"AurMac Property YK: Airstrip Deposit (1.6Moz Au M+I at low grade); Powerline zone; silver-rich high grade zones 2025 (10,734 g/t Ag over 1.7m confirming Keno-style); 143km² land",Primary,Gold,~$80M mkt cap; AurMac YK bulk-tonnage gold + high-grade Ag zones; dual gold-silver potential; Keno-style high-grade Ag zones discovered 2025 (note: if silver resource > 50% may reclassify); active 2025 drill program; TSX.V: BYN
SIT,Sitka Gold Corp.,CSE / OTCQB,Canada,Canada,Yukon,Explorer,RC Gold Project YK: Rhosgobel Discovery (RIRGS intrusion-related; 156.9m @ 1.00 g/t Au; expanding to 1.1km strike 2025); Blackjack YK; new board appointment Caroline Hendrick 2026,Primary,Gold,~$100M mkt cap; Rhosgobel discovery YK expanding rapidly — 1.1km strike; RIRGS system like Snowline Valley; CEO Cor Coe; CSE: SIG; OTCQB: SITKF; 150.3m @ 1.49 g/t Au + 99.1m @ 1.33 g/t Au drill results 2025; compelling Yukon explorer
KAT,Kaminak Gold (historical),Note,Canada,Canada,Yukon,Note,Kaminak Gold advanced Coffee Gold Project YK to bankable FS before acquisition by Goldcorp (now Newmont) in 2016 for C$520M. Historical reference. Coffee project now in Newmont pipeline.,Primary,Gold,Historical: Kaminak Coffee YK acquired by Goldcorp (Newmont) 2016 for C$520M. Coffee Project still in Newmont portfolio but not in production. Management team went on to Tectonic Metals and Snowline Gold.
TECT,Tectonic Metals Inc.,TSX.V / OTCQB,Canada,Canada,Yukon,Explorer,"Guess Creek (Chicken Mountain) YK: Alpha Bowl zone 3km+ gold system; 36.58m @ 9.94 g/t Au, incl. 22.86m @ 15.73 g/t Au; 2nd best TSXV gold 2026 YTD; Kaminak-pedigree management team",Primary,Gold,~$100M mkt cap (+175% YTD 2026); Chicken Mountain YK: Alpha Bowl zone 3km+ strike; strong intercepts Jan 2026; CEO Tony Reda; Kaminak pedigree management (Coffee Gold team); TSX.V: TECT; OTCQB: TETOF
PRCP,Precipitate Gold Corp.,TSX.V,Canada,Dominican Republic,"Sánchez Ramírez, San Juan",Explorer,"Pueblo Grande (adjacent Barrick's Pueblo Viejo), Juan de Herrera (adjacent GoldQuest Romero); Barrick 5yr technical data review 2025 at Pueblo Grande; C$6.5M placement Jan 2026",Primary,Gold,~$30M mkt cap; adjacent to world-class Pueblo Viejo (Barrick); Juan de Herrera adjacent GoldQuest Romero emerging deposit; Dominican Republic gold belt; IP survey 2025 shows untested anomalies; CEO Jeffrey Wilson
XALI,Xali Gold Corp.,TSX.V,Canada,Mexico,Veracruz,Explorer,El Oro Au-Ag MX: surface-access agreement with local community Mar 2026; Veracruz exploration; community agreement a key catalyst achieved; 175% gain YTD 2026,Primary,Gold,~$55M mkt cap (+175% YTD 2026); El Oro MX exploration; community agreement Mar 2026 = key permitting unlock; Veracruz Mexico exploration; TSX.V: XALI
LOD,Lode Gold Resources Inc.,TSX.V / OTCQB,Canada,Canada,Yukon,Explorer,Golden WIN Project YK: RIRGS targets in Tombstone Belt; 7 prospective targets confirmed 2025; similar geology to Snowline's Valley/Rogue system; regional intrusion-related gold,Primary,Gold,~$30M mkt cap; Tombstone Belt YK RIRGS targets confirmed 2025; similar geological setting to Snowline's Valley Deposit; CEO; TSX.V: LOD; OTCQB: LODFF; early-stage Yukon explorer
AGE,Adventure Gold Inc.,TSX.V,Canada,Canada,Quebec,Explorer,Pascalis-Colombière QC: adjacent Abitibi greenstone belt (Lamaque-Sigma mine vicinity); Meunier QC; Belleterre QC; Joutel QC; multiple Abitibi gold targets,Primary,Gold,~$20M mkt cap; Abitibi QC explorer multiple projects; Pascalis near Val-d'Or; TSX.V: AGE; early-stage Quebec Abitibi explorer with multiple drill targets
ABI,Abitibi Metals Corp.,TSX.V / OTCQB,Canada,Canada,Quebec,Explorer,B26 Deposit QC (Cu-Ag-Zn-Au polymetallic VMS; 43-101 technical report filed 2025); Abitibi Greenstone Belt QC; growing polymetallic resource,Primary,Gold,~$50M mkt cap; B26 Deposit QC NI 43-101 report 2025; polymetallic VMS — Au component meaningful; Abitibi Belt; TSX.V: AMQ; OTCQB: AMQFF
CSR,Cascadia Minerals Ltd.,TSX.V / OTCQB,Canada,Canada,Yukon,Explorer,Rosy Property YK: road-accessible south-central Yukon; widespread Au-Ag mineralization 850m x 500m area; 2025 exploration results confirm district potential,Primary,Gold,~$20M mkt cap; Rosy Property YK road-accessible (advantage); 2025 field work confirmed Au-Ag over large area; TSX.V: CAM; OTCQB: CAMNF
NVKG,Nevada King Gold Corp.,TSX.V / OTCQB,Canada,USA,Nevada,Developer,Atlanta Gold Mine NV (Battle Mountain trend; 1.02Moz Au M+I @ 1.14 g/t pit-constrained oxide); past-producing mine restart; year-round access; $16M financing incl $10M strategic investment 2025,Primary,Gold,~$80M mkt cap; Atlanta NV Battle Mountain trend 1.02Moz Au; past-producing; pit-constrained oxide; strategic $10M investment 2025; CEO Carl Brechtel; TSX.V: NKG; OTCQB: NVKGF
SCGO,Scorpio Gold Holdings Corp.,TSX.V,Canada,USA,Nevada,Developer,Manhattan District NV (Walker Lane Trend; Goldwedge Mine 400tpd mill; 4 past-producing pits acquired from Kinross 2021); advanced exploration/restart,Primary,Gold,~$20M mkt cap; Manhattan District NV Walker Lane; Goldwedge mine with 400tpd gravity mill; acquired Kinross pits 2021; CEO; TSX.V: SKR; late-stage exploration/restart candidate
TBX,Tectonic Metals (see TECT above),Note,N/A,N/A,N/A,Note,See TECT entry in Canada explorers section,Primary,Gold,Same as TECT — see that entry
USG,U.S. GoldMining Inc.,NASDAQ / TSX,USA,USA,Alaska,Developer,Whistler Au-Cu-Mo AK (KGC JV earn-in; 12.5Moz AuEq resource; large open-pit porphyry); PEA technical report filed 2025; Kinross JV exploration funding,Primary,Gold,~$300M mkt cap; Whistler AK = large Cu-Au-Mo porphyry system; Kinross JV funds exploration; PEA filed 2025; CEO Tim Smith; Alaska Tier-1 jurisdiction; NASDAQ: USGO; TSX: USGO
CTGO,"Contango ORE, Inc.",NYSE American,USA,USA,Alaska,Producer/Developer,"Lucky Shot Mine AK (Au-Ag high-grade underground, past-producing restart); Tetlin Au YK AK; merger with Dolly Varden Silver DV announced Dec 2025 to create North American high-grade Au-Ag producer",Primary,Gold,~$200M mkt cap; Lucky Shot AK high-grade underground gold; Tetlin Au leases; merger with Dolly Varden Silver (DV) announced Dec 2025 — creates new North American Au-Ag mid-tier; NYSE American: CTGO; post-merger entity will hold both AK gold and BC silver assets
IORI,Integra Resources Corp.,TSX.V / NYSE,Canada,USA,"Idaho, Nevada",Producer/Developer,"Fortitude (Delamar-Florida Mountain) ID: +6Moz AuEq resource, FS complete, permitting advancing; Black Sheep NV; producing from heap leach; strong Q4 2025 annual production",Primary,Gold,~$300M mkt cap; Delamar-Florida Mountain ID = largest undeveloped Au-Ag project in Idaho; FS complete; environmental review advancing; CEO George Salamis; TSX.V: ITR; NYSE American: ITRG; Q4 2025 strong annual production results
NKG,Nevada King Gold,Note,N/A,N/A,N/A,Note,Same as NVKG entry above. TSX.V: NKG. See NVKG entry.,Primary,Gold,TSX.V: NKG = Nevada King Gold. See NVKG entry.
GOR,Gold Road Resources Limited,ASX,Australia,Australia,Western Australia,Producer (mid-tier),Gruyere Mine WA (previously 50% JV with Gold Fields; GFI acquisition of GOR 2025 for A$3.7B — GOR delisted); flagship WA open-pit Au operation,Primary,Gold,Delisted 2025: Gold Fields (GFI) acquired Gold Road Resources (ASX: GOR) for A$3.7B in 2025. GOR shares converted to GFI equivalent. No longer trading independently. Gruyere WA now 100% GFI. See GFI entry.
DEG,De Grey Mining Limited,ASX,Australia,Australia,Western Australia,Developer,Hemi Gold Project WA (Pilbara; 9Moz Au resource; near-surface high-grade; A$5B acquisition by Northern Star Resources NST completed Apr 2025),Primary,Gold,Acquired by NST Apr 2025 for A$5B. De Grey shareholders received NST shares. ASX: DEG delisted post-merger. Hemi WA now development asset inside NST portfolio. See NST entry.
BGL,Bellevue Gold Limited,ASX,Australia,Australia,Western Australia,Producer (mid-tier),Bellevue Gold Project WA: high-grade underground gold mine (commenced production Jan 2024; 200koz/yr target); ~3.8Moz resource @11.3g/t; Lode 1 and Lode 2; Kalgoorlie region WA,Primary,Gold,~A$2B mkt cap; Bellevue Gold WA high-grade underground mine in production since Jan 2024; one of highest-grade new gold mines globally 11.3 g/t; CEO Darren Strauss; 200koz/yr target; strong WA management team; ASX: BGL
CMG,Capricorn Metals (see CMM above),Note,N/A,N/A,N/A,Note,Capricorn Metals ASX: CMM. See CMM entry in Major Producers section.,Primary,Gold,Same as CMM — ASX: CMM = Capricorn Metals. See CMM entry.
WGO,Westgold Resources (see WGX above),Note,N/A,N/A,N/A,Note,ASX: WGX = Westgold Resources. See WGX entry in Major Producers section.,Primary,Gold,Same as WGX — ASX: WGX = Westgold Resources. See WGX entry.
GRL,Greatland Gold plc,ASX,UK,Australia,Western Australia,Producer/Developer,"Havieron Au-Cu WA (world-class high-grade underground deposit, 100% since NEM exit 2024); Telfer Mine WA (restart alongside Havieron via shared infrastructure); listed ASX 2024",Primary,Gold,~A$1.5B mkt cap; Havieron WA 100% owned since Newmont exit 2024; Telfer WA restart alongside Havieron infrastructure; CEO Shaun Day; Maiden MRE Telfer Underground expected Q1 2026 — major share catalyst; transitioning from explorer to significant producer; ASX listed mid-2024
GNM,Genesis Minerals (see GMD above),Note,N/A,N/A,N/A,Note,ASX: GMD = Genesis Minerals. See GMD entry in Major Producers section.,Primary,Gold,Same as GMD — ASX: GMD = Genesis Minerals. See GMD entry.
CAT,Catalyst Metals Limited,ASX,Australia,Australia,Victoria,Explorer/Developer,Bendigo Gold District VIC: Whipstick gold project (high-grade historical district); Tullaroop; Maldon; Victorian goldfield exploration; consolidating Bendigo region claims,Primary,Gold,~A$200M mkt cap; Bendigo VIC Australia's most prolific historical goldfield; Whipstick project consolidation; historical mines = modern exploration infrastructure advantage; ASX: CYL
GOR.V,Gold Road Resources — see GOR above,Note,N/A,N/A,N/A,Note,GOR delisted 2025 — acquired by Gold Fields (GFI). See GOR and GFI entries.,Primary,Gold,Same as GOR — see that entry and GFI.
SLR,Silver Lake Resources Limited,ASX,Australia,Australia,Western Australia,Producer (mid-tier),"Deflector WA (Au-Cu underground, ~130koz/yr); Mount Monger WA operations (Sugar Zone, Daisy Milano, Lake Lefroy); Rothsay WA (dev); 300koz+ production portfolio",Primary,Gold,"~A$2B mkt cap; Deflector WA high-grade underground + Mount Monger WA multi-mine; ~300koz Au annual production; CEO Luke Tonkin; strong WA operational portfolio; note 'Silver Lake' = misleading name, primary gold producer; ASX: SLR"
SBM,St Barbara Limited,ASX,Australia,"Australia, Canada","Western Australia, Ontario",Producer (mid-tier),Leonora assets sold to Genesis Minerals 2023; Atlantic Gold NS (sold 2023); Simberi PNG; Gwalia WA (flagged for Genesis); now primarily Simberi PNG operations after asset sales,Primary,Gold,~A$500M mkt cap; greatly reduced after asset sales to Genesis (Leonora WA) and Equinox (Atlantic NS); Simberi PNG = remaining primary asset; CEO Craig Jetson; transformation from major producer to focused PNG single-asset company; future uncertain — potential acquisition target
TLM,Talisman Mining Ltd.,ASX,Australia,"Australia, Middle East","Western Australia, Oman",Explorer,Lachlan Copper Project WA; Al Zuhra Au-Cu Oman (JV); WA gold targets; early-stage explorer with Middle East + WA diversification,Primary,Gold,~A$30M mkt cap; early-stage explorer with WA + Oman portfolio; Al Zuhra Au-Cu Oman JV; ASX: TLM
GLDN,Golden Shield Resources Inc.,TSX.V,Canada,Guyana,Essequibo Region,Explorer,Arakaka Au Project GY: high-grade Au in Guyana's established mining region; GY jurisdiction increasingly accepted post-ExxonMobil oil boom; strategic land position,Primary,Gold,~$30M mkt cap; Arakaka Guyana high-grade gold explorer; Guyana jurisdiction improving; TSX.V: GLDN
GGI,Garibaldi Resources Corp.,TSX.V,Canada,"Canada, Mexico","British Columbia, Mexico",Explorer,Rodadero Au-Cu-Ag Mexico (silver-rich); British Columbia targets; Nickel Mountain BC (historical); Mexican silver+gold exploration,Primary,Gold,~$30M mkt cap; dual Canada+Mexico exploration; TSX.V: GGI; note Nickel Mountain BC also in nickel database
PCLO,Precipitate Gold (see PRCP above),Note,N/A,N/A,N/A,Note,Same as PRCP entry. TSX.V: PG. See PRCP entry in Canada explorers section.,Primary,Gold,Same as PRCP — see that entry
SLZ,San Lorenzo Gold Corp.,TSX.V,Canada,Chile,Atacama (Chañaral Province),Explorer,"Salvadora Au-Cu Porphyry CL: 9,000ha; Cerro Blanco porphyry target; geology similar to Codelco Salvador mine; #1 TSXV Au stock 2025 (+1000%); C$20M placement Mar 2026",Primary,Gold,~$400M mkt cap; #1 TSXV gold stock 2025 (+1000%); Cerro Blanco porphyry CL: 222.4m drilling highlight Jan 2026; C$20M financing Feb 2026 fully subscribed; CEO; Codelco Salvador mine analogue geology; rapid re-rating story; TSX.V: SLZ
WEB,Westhaven Gold Corp.,TSX.V,Canada,Canada,British Columbia,Explorer,"Spences Bridge Gold Belt BC (30,000ha; 110km belt; Sona Zone, South Zone, Nickel Plate Bench); largest claim holder on SBGB; epithermal Au-Ag system",Primary,Gold,~$80M mkt cap; Spences Bridge Gold Belt BC = Westhaven largest claim holder; Sona Zone discovery multi-year drilling; epithermal Au-Ag system; CEO Gareth Thomas; TSX.V: WHN
AAG,Adventure Gold (see AGE above),Note,N/A,N/A,N/A,Note,See AGE entry in Canada Explorers section. TSX.V: AGE,Primary,Gold,Same as AGE — see that entry
ELRA,Eldorado Gold Corp.,NYSE / TSX,Canada,"Greece, Türkiye, Romania, Canada","Kassandra GR, Çöpler adj TK, Brad RO, Lamaque QC",Producer (mid-tier),"Lamaque QC (high-grade underground ~125koz/yr), Kisladag TR (heap leach), Olympias GR (Au-Ag-Pb-Zn), Skouries GR (Cu-Au dev, construction started 2023); Brad RO dev",Primary,Gold,~$3B mkt cap; Skouries GR Cu-Au development = transformational 2025 construction; Lamaque QC high-grade production; CEO George Burns; Greece/Turkey dual exposure; NYSE: EGO; TSX: ELD; Skouries first ore expected 2026
SLV,iShares Silver Trust,NYSE,USA,USA (trust),JPMorgan London vaults,Physical ETF,"Silver bullion trust; ~14,000 tonnes Ag held by JPMorgan as custodian in London; 1/100th oz per share adjusted for fees; cash-settled redemption",Primary,Silver,AUM ~$15B; 0.50% MER; tracks XAG/USD spot; JPMorgan Chase Bank custodian London; very high liquidity; Jan 2021 Reddit silver squeeze briefly created 10+ Moz single-day inflow; no physical redemption right vs PSLV
PSLV,Sprott Physical Silver Trust,NYSE / TSX,Canada,Canada,Royal Canadian Mint,Physical ETF,Closed-end fund; physically redeemable for silver bars; held at Royal Canadian Mint; trades at premium/discount to NAV; unique physical delivery right,Primary,Silver,AUM ~$5B; redeemable in physical silver bars; closed-end structure; Sprott AM; TSX: PSLV; premium surged +10% during Jan 2021 Reddit silver short squeeze; sometimes trades at discount to NAV; similar concept to PHYS for gold
SIVR,abrdn Physical Silver Shares ETF,NYSE,USA,UK,JPMorgan London vaults,Physical ETF,Physical silver ETF; 0.30% MER; backed by allocated silver bullion; abrdn issuer; competitive to SLV; silver held in London allocated vaults,Primary,Silver,AUM ~$900M; 0.30% MER — cheaper than SLV (0.50%); good SLV alternative; abrdn (Aberdeen Standard) issuer; allocated silver in JPMorgan London vaults; shares = 1/100th oz silver (adjusted for fees)
ETPMAG,WisdomTree Physical Silver,LSE / various,UK,UK,HSBC London vaults,Physical ETF,"UK/Europe listed physical silver ETP; WisdomTree issuer; HSBC London custodian; AUD, GBP, USD share classes; popular European silver instrument",Primary,Silver,"European physical silver ETP; WisdomTree issuer; HSBC custody; multiple currency listings across LSE, Euronext, Xetra, Borsa Italiana; popular UK+EU investor instrument; 0.49% MER"
PMAG,Perth Mint Physical Silver,ASX,Australia,Australia,Perth Mint,Physical ETF,ASX-listed physical silver ETF backed by Perth Mint; WA Government guarantee; AUD-denominated; PMAG on ASX; lowest cost ASX silver ETF,Primary,Silver,ASX-listed physical silver ETP; Perth Mint custody with WA Govt guarantee; AUD denominated; 0.45% MER; ideal Australian silver exposure without currency hedging; ASX: PMAG
SIL,Global X Silver Miners ETF,NYSE,USA,Global,Global,ETF (silver miners),"Silver mining companies basket; Solactive Global Silver Miners Index; top holdings WPM ~20%, PAAS ~15%, AG ~8%, CDE ~7%, MAG ~5%; up 124% in 2025",Primary,Silver,AUM ~$3.5B; 0.65% MER; largest dedicated silver miner ETF; WPM included despite being a streamer due to silver exposure; SIL +124% in 2025; ETF flows $936M inflow 2025; top pure-play silver equity ETF; reflects industrial+monetary silver demand drivers
SILJ,AMPLIFY Junior Silver Miners ETF,NYSE,USA,Global,Global,ETF (junior silver),"Junior silver miners and explorers; PureFunds ISE Junior Silver Index; higher beta than SIL; includes MAG Silver, Endeavour Silver, Silvercorp, Fortuna, Gatos; +131% in 2025",Primary,Silver,AUM ~$1.2B; 0.69% MER; SILJ +131% in 2025; higher beta than SIL — more upside in silver bull; inflows $480M in 2025; smaller-cap focus; includes developer/explorer mix; more volatile than SIL; best for high conviction silver bull
SLVP,iShares MSCI Global Silver+Metals Miners ETF,NYSE,USA,Global,Global,ETF (silver miners),"MSCI ACWI Select Silver Miners IMI Index; ESG screened; includes silver-heavy base metal producers like Fresnillo, Polymetal; broader than SIL",Primary,Silver,"AUM ~$250M; 0.39% MER — cheaper than SIL; MSCI methodology; includes Fresnillo (world's largest primary Ag producer), Polymetal; more geographically diversified than SIL; good complement to SIL for full-universe silver mining exposure"
WPMXAG,Wheaton Silver Streams (within WPM),Note,Canada,Global,Global,Note,"NOTE: Wheaton Precious Metals (WPM) has 36% silver revenue. WPM is classified in GOLD tab (60% gold dominant). For pure silver streaming, see Discovery Silver (DSV) WPM stream.",Primary,Silver,"WPM has significant silver streaming (Antamina, Penasquito, Salobo, Stillwater) but is >50% gold by revenue. Classified in Gold tab. Silver-dominant streaming company pure-plays are limited — most streamers are gold-dominant."
DSV,Discovery Silver Corp.,TSX,Canada,Mexico,Chihuahua,Developer,Cordero MX: 1.3Blb AgEq resource (world's 4th largest undeveloped Ag deposit); WPM streaming agreement; FS complete; open-pit bulk tonnage; CEO Tony Makuch (ex-Kirkland Lake),Primary,Silver,~$1.5B mkt cap; Cordero Chihuahua MX = one of world's largest undeveloped Ag deposits 1.3Blb AgEq; FS: $500M NPV @ $20 Ag; WPM stream agreed 2023; CEO Tony Makuch; bulk tonnage low-grade; Chihuahua jurisdiction; permitting advancing; TSX: DSV; development-stage
FRES,Fresnillo plc,LSE,UK,Mexico,"Chihuahua, Zacatecas, Sonora",Producer (major),"Fresnillo MX (world's largest primary Ag mine, 50+Moz Ag/yr), Saucito MX, Juanicipio MX (56% JV with MAG Silver), Herradura MX (Au), Centauro Deep MX dev; Noche Buena MX (Au)",Primary,Silver,~£8B mkt cap LSE; world's largest primary silver producer (Fresnillo mine); CEO Octavio Alvidrez; London listed FRES.L; Peñoles subsidiary (Industrias Peñoles is majority owner); Juanicipio JV with MAG = world-class new Ag mine; Mexico operations in prolific Ag belts; LSE only (no NYSE/TSX)
PAAS,Pan American Silver Corp.,NASDAQ / TSX,Canada,Americas (8 countries),"Peru, Mexico, Bolivia, Argentina, Chile, Guatemala, Canada, USA",Producer (major),"La Colorada MX (Ag-Zn-Pb), Dolores MX, Huaron PE, Morococha PE, San Vicente BO, Manantial Espejo AR; Jacobina BR Au, El Peñón CL Au (from Yamana); Cerro Moro AR Au-Ag",Primary,Silver,"~$8B mkt cap; world's 2nd largest primary Ag producer; 22-23Moz Ag + ~900koz Au equiv; acquired Yamana Latin American mines Dec 2022 (Jacobina, El Peñón, Cerro Moro, Minera Florida); CEO Michael Steinmann; NASDAQ: PAAS; TSX: PAAS; record Q4+FY2025 cash flow; 29% dividend increase 2026"
AG,First Majestic Silver Corp.,NYSE / TSX,Canada,"Mexico, USA","Sonora, Chihuahua, Nevada",Producer (major),"San Dimas MX (Ag-Au, high-grade), Santa Elena MX (Ag-Au, WPM stream), Ermitaño MX, Las Chispas MX (acquired SilverCrest 2024), Jerritt Canyon NV (Au); ~16Moz Ag+AuEq annually",Primary,Silver,~$4B mkt cap; pure-play primary Ag producer philosophy — CEO Keith Neumeyer (vocal silver bull); SilverCrest acquisition Apr 2024 adds Las Chispas Sonora (ultra-high-grade Ag mine); San Dimas high-grade flagship; Jerritt Canyon NV gold (US exposure); NYSE: AG; TSX: FR
SVM,Silvercorp Metals Inc.,NYSE / TSX,Canada,China,Henan Province,Producer (major),"Ying Mining District CN: SGX, HZG, LME underground mines (55Moz Ag reserve); 5-6Moz Ag/yr; Pb-Zn by-products; AISC ~$7/oz Ag net of by-products",Primary,Silver,~$1.5B mkt cap; largest primary silver producer in China; CEO Rui Feng; AISC ~$7/oz Ag net by-product credits = remarkably low cost; consistently profitable even in weak Ag; NYSE: SVM; TSX: SVM; OreCorp WA acquisition 2024 adds Australian gold exposure (Nyanzaga TZ)
HL,Hecla Mining Company,NYSE,USA,"USA, Canada","Idaho, Nevada, Alaska, Quebec, Yukon",Producer (major),"Lucky Friday ID (US largest primary Ag mine, ~5Moz/yr), Greens Creek AK (5.5Moz Ag/yr, world's most profitable Ag mine), Casa Berardi QC (sale pending 2025), Keno Hill YK (Ag)",Primary,Silver,~$4B mkt cap; largest US primary Ag producer; Greens Creek AK = world's most profitable Ag mine; Lucky Friday ID rebuilt post-2017 fire; CEO Phillips Baker Jr.; 10+Moz Ag production; Casa Berardi QC sale 2025 to streamline to silver focus; NYSE: HL; 130+ year history
EXK,Endeavour Silver Corp.,NYSE / TSX,Canada,Mexico,"Guanajuato, Jalisco",Producer (mid-tier),"Guanajuato MX, Bolañitos MX, El Compas MX; Terronera Jalisco MX dev (60Moz AgEq reserve, commissioning 2025, 7Moz Ag/yr target; doubles production)",Primary,Silver,~$1.2B mkt cap; Terronera Jalisco MX commissioning 2025 = transformational; current prod 3-4Moz Ag + 30-35koz Au; CEO Dan Dickson; AISC ~$18-20/oz Ag currently; Terronera doubles production when fully operational; NYSE: EXK; TSX: EDR
MAG,MAG Silver Corp.,NYSE / TSX,Canada,Mexico,Chihuahua,Producer (mid-tier),"Juanicipio MX (44% stake; Fresnillo plc 56%+operator); commissioning 2023, ramp 2024-2025; ~11-13Moz Ag/yr nameplate; 200Moz Ag resource; world's highest-grade large Ag mine ~400 g/t AgEq",Primary,Silver,"~$3B mkt cap; Juanicipio = world-class Ag mine; Fresnillo operator; CEO George Paspalas; no debt, $100M+ cash; MAG receives 44% production; ~400 g/t AgEq highest-grade large Ag mine globally; Larder Lake ON Au exploration; NYSE: MAG; TSX: MAG"
CDE,Coeur Mining Inc.,NYSE,USA,"USA, Canada, Mexico","Idaho, Nevada, Alaska, Chihuahua",Producer (mid-tier),"Rochester NV (Ag-Au heap leach; expanded 2023 to 32ktpd), Palmarejo MX (Au-Ag; WPM Ag stream), Kensington AK (Au), Wharf SD (Au); Silvertip BC (Ag-Zn-Pb dev)",Primary,Silver,~$4B mkt cap; Rochester NV expansion complete 2023; CEO Mitchell Krebs; Palmarejo MX with WPM silver stream; Silvertip BC Ag-Zn-Pb development (high-grade); 5 operations US/Mexico/Canada; AISC ~$20-22/oz Ag equiv; NYSE: CDE only
IPT,IMPACT Silver Corp.,TSX.V,Canada,Mexico,"Guerrero, Querétaro",Producer (mid-tier),"Royal Mines of Zacualpan District MX (10+ historic mines revived, ~1Moz Ag/yr); Capire mill MX hub; Plomosas Ag-Pb-Zn MX; El Refugio MX",Primary,Silver,~$60M mkt cap; district-scale silver in Guerrero+Querétaro Mexico; Royal Mines Zacualpan 10+ historic mines revived; Capire mill hub strategy; CEO Fred Davidson; low AISC from high-grade veins; strong Ag price leverage; TSX.V: IPT
SSRM,SSR Mining Inc.,NASDAQ / TSX,USA,"Turkey, USA, Canada, Argentina","Çöpler TR, Marigold NV, Seabee SK, Puna AR",Producer (mid-tier),"Çöpler TR (40%, heap leach; FATAL FAILURE Feb 2024 — suspended, cyanide spill), Marigold NV, Seabee SK (high-grade underground Au), Puna AR (Ag-Pb-Zn, ~10Moz/yr)",Primary,Silver,~$2.5B mkt cap; Puna AR primary silver ~10Moz/yr; Çöpler TK failure Feb 2024 = massive liability+reputation damage; CEO replaced; Marigold NV + Seabee SK operating; significant liability uncertainty from Çöpler; NASDAQ: SSRM; TSX: SSRM; Puna silver meaningful if isolated
VZLA,Vizsla Silver Corp.,NYSE / TSX,Canada,Mexico,Sinaloa,Developer,Panuco Ag-Au District MX (Sinaloa; 302Moz AgEq resource; PEA 2023; district-scale with 10+ veins; 25-50Moz Ag/yr potential); active 2025-2026 drill program; rapid resource growth,Primary,Silver,~$800M mkt cap; Panuco Sinaloa MX = fastest-growing junior silver resource 2021-2025; 302Moz AgEq growing; PEA shows strong economics; CEO Michael Konnert; Sinaloa prolific silver belt; NYSE: VZLA; TSX: VZLA; top silver developer globally
DV,Dolly Varden Silver Corporation,TSX.V / NYSE,Canada,Canada,British Columbia,Explorer/Developer,"Kitsault Valley Project BC (Golden Triangle; Dolly Varden + Homestake Ridge properties; Wolf Vein, Torbrit, Homestake deposits; 56,131m drilled 2025; 165Moz AgEq resource growing)",Primary,Silver,"~$600M mkt cap; merger with Contango ORE (CTGO) Dec 2025 = creates North American high-grade Au-Ag mid-tier producer; 56,131m drilled 2025; exceptional Wolf Vein high-grade drill results; CEO Shawn Khunkhun; Golden Triangle BC; TSX.V: DV; NYSE American: DVS"
OCG,Outcrop Silver & Gold Corp.,TSX.V,Canada,Colombia,Tolima,Explorer/Developer,Santa Ana Ag project CO (highest-grade silver property in Colombia; NI 43-101 resource defined; multi-zone system; Tolima dept; ongoing drill campaign 2025 expanding all zones),Primary,Silver,~$80M mkt cap; Santa Ana CO primary silver = high-grade epithermal system; maiden MRE defined; ongoing drilling expanding resource; Colombia jurisdiction improving; CEO Joseph Hebert; TSX.V: OCG; OTCQB: OCGSF
CALI,Callinex Mines Inc.,TSX.V / OTCQB,Canada,Canada,Manitoba,Explorer/Developer,Pine Bay Ag-Cu-Zn Project MB (VHMS discovery; adjacent Flin Flon mining camp; near HudBay Minerals infrastructure); Contact Lake (Au) MB,Primary,Silver,~$30M mkt cap; Pine Bay MB VHMS Ag-Cu-Zn; adjacent to HudBay Flin Flon infrastructure; TSX.V: CNX; OTCQB: CLLXF
GRS,GR Silver Mining Ltd.,TSX.V / OTCQB,Canada,Mexico,Sinaloa,Explorer/Developer,Plomosas Ag-Au-Pb-Zn MX (Sinaloa; 162Moz AgEq resource; multiple high-grade silver veins; adjacent to First Majestic's San Dimas district); district-scale exploration,Primary,Silver,~$80M mkt cap; Plomosas MX Sinaloa adjacent San Dimas; 162Moz AgEq resource; high-grade Ag veins; CEO Eric Zaunscherb; TSX.V: GRSL; OTCQB: GRSLF
AFC,Aftermath Silver Ltd.,TSX.V / OTCQB,Canada,"Chile, Argentina","Antofagasta CL, Mendoza AR",Explorer/Developer,"Berenguela Ag-Cu-Mn Chile (large resource, advancing drill program); Cachinal Ag-Au CL (PEA stage); El Plomo AR silver; multi-project South American silver developer",Primary,Silver,~$50M mkt cap; Berenguela CL large Ag-Cu-Mn resource; Cachinal CL PEA stage; multiple South American silver assets; CEO Michael Williams; TSX.V: AAG; OTCQB: AAGFF
PGC,Precipitate Gold (Silver note),Note,N/A,N/A,N/A,Note,Precipitate Gold (TSX.V: PG) is primarily a gold explorer (Dominican Republic). Not a silver company. See PRCP in Gold tab.,Primary,Silver,Remove from silver tab — Precipitate is a gold explorer. See gold tab entry PRCP.
GUAG,Guanajuato Silver Company Ltd.,TSX.V / OTCQB,Canada,Mexico,Guanajuato,Producer (mid-tier),"El Cubo Ag-Au mine MX (Guanajuato; past-producing Endeavour mine, restarted 2021); Valenciana Ag-Au MX; high-grade Mexican silver mines restart model",Primary,Silver,~$100M mkt cap; El Cubo MX restart ongoing — ramping production; Guanajuato Mexico historic silver district; CEO James Anderson; TSX.V: GSVR; OTCQB: GSVRF; veteran mining district approach; multiple high-grade veins
SCZ,Santacruz Silver Mining Ltd.,TSX.V / OTCQB,Canada,Bolivia,"Oruro, Potosí",Producer (mid-tier),"Caballo Blanco Group BO (Tres Amigos, Reserva, Colquechaquita, Bolivar mines; acquired from Glencore 2022); ~8-10Moz Ag/yr; high-AISC Bolivia operations",Primary,Silver,~$100M mkt cap; Bolivia silver production 8-10Moz/yr; acquired Glencore Bolivia assets 2022 (Tres Amigos + Bolivar); CEO Arturo Préstamo Elizondo; Bolivia political risk; high AISC; TSX.V: SCZ; OTCQB: SZSMF
KTN,Kootenay Silver Inc.,TSX.V,Canada,Mexico,"Chihuahua, Sonora",Explorer/Developer,Columba Ag-Au MX (high-grade; 503 g/t Ag over 10m in 2025 drill results; Chihuahua); La Cigarra Ag MX (PEA stage); Sonora silver targets,Primary,Silver,~$30M mkt cap; Columba MX high-grade — 503 g/t Ag drill intercepts 2025; La Cigarra MX PEA stage; Chihuahua+Sonora Mexico portfolio; CEO James McDonald; TSX.V: KTN
BKRR,Blackrock Silver Corp.,TSX.V / OTCQB,Canada,USA,Nevada,Explorer/Developer,Tonopah West Ag-Au NV (Walker Lane; Ag-rich epithermal vein system; growing resource adjacent to historic Tonopah mines); Silver Cloud NV; Nevada low-risk jurisdiction,Primary,Silver,~$80M mkt cap; Tonopah West NV adjacent to historic Tonopah district (formerly world's leading Ag producer); Ag-rich epithermal veins; CEO Andrew Pollard; TSX.V: BRC; OTCQB: BKRRF; Walker Lane Nevada = strong jurisdiction
LODE,Comstock Inc.,NYSE American,USA,USA,Nevada,Producer,Comstock Silver District NV: historic silver-gold district Virginia City area; large land package; multiple historic mines; lode gold+silver mining resumption; environmental solutions also,Primary,Silver,~$100M mkt cap; historic Comstock Lode NV — one of world's most famous silver districts; multiple historic mines; CEO Corrado De Gasperis; also developing mercury cleanup and environmental tech; NYSE American: LODE
NPM,New Pacific Metals Corp.,NYSE / TSX,Canada,Bolivia,Oruro,Developer,Silver Sand Ag BO (large undeveloped; 328Moz Ag resource M+I; one of world's largest undeveloped Ag deposits; robust PEA completed),Primary,Silver,~$300M mkt cap; Silver Sand BO = 328Moz Ag M+I; one of largest undeveloped Ag deposits globally; Bolivia political risk is key overhang; CEO Rui Feng (Silvercorp); strong technical work with challenging jurisdiction; NYSE: NEWP; TSX: NUAG
AYA,Aya Gold & Silver Inc.,TSX,Canada,Morocco,Taroudant Province,Producer (mid-tier),"Zgounder Ag Mine MA (high-grade primary Ag; expansion from 700tpd to 2700tpd complete 2024, ~8-10Moz Ag/yr target); Boumadine Ag-Au MA (exploration); Morocco district",Primary,Silver,~$700M mkt cap; Zgounder MA expansion 700→2700tpd completed 2024; one of fastest-growing silver producers; CEO Benoit La Salle; Morocco jurisdiction positive; TSX: AYA; expansion doubles production 2024-2025
DEF,Defiance Silver Corp.,TSX.V,Canada,Mexico,Zacatecas,Explorer,Zacatecas Ag Project MX (historic district; San Acacio zone; growing high-grade silver system in prolific Zacatecas belt),Primary,Silver,~$20M mkt cap; Zacatecas MX historic silver district explorer; TSX.V: DEF
SXM,Silver X Mining Corp.,TSX.V / OTCQB,Canada,Peru,Pasco Region,Explorer/Developer,Nueva Recuperada Ag-Pb-Zn PE (Pasco; historic mine restart + exploration; Ag-Pb-Zn polymetallic); expansion of production at Nueva Recuperada 2024-2025,Primary,Silver,~$30M mkt cap; Nueva Recuperada PE restart; Pasco Peru Ag-Pb-Zn; TSX.V: AGX; OTCQB: AGXPF
TZZ,Silver Tiger Metals Inc.,TSX.V / OTCQX,Canada,Mexico,Sonora,Explorer,"El Tigre Ag-Au District MX (Sonora; bonanza-grade intercepts 25,000 g/t AgEq over 8m; growing multi-zone resource; Altar district 700km²)",Primary,Silver,"~$150M mkt cap; El Tigre MX = some of highest-grade Ag drill holes globally (25,000 g/t AgEq); CEO Glenn Jessome; growing resource multi-zone; Sonora Mexico; OTCQX: SLVTF; TSX.V: SLVTF"
SSV,Southern Silver Exploration Corp.,TSX.V,Canada,Mexico,Chihuahua,Explorer,Cerro Las Minitas Ag-Pb-Zn-Au MX (large polymetallic system; ~500Moz AgEq resource; PEA planned); Chinchillas AR (stalled); Goldstrike UT (Au-Ag),Primary,Silver,~$30M mkt cap; Cerro Las Minitas MX ~500Moz AgEq large polymetallic; PEA planned; Chihuahua Mexico; CEO Jason Coles; TSX.V: SSV
MXG,Minaurum Gold Inc.,TSX.V,Canada,Mexico,Sonora,Explorer,"Alamos Ag Project MX (Sonora; 12.35m @ 408 g/t AgEq incl 1,277 g/t AgEq in 250m step-out 2025); growing high-grade silver system; Minera Cascabel JV",Primary,Silver,~$40M mkt cap; Alamos Ag MX Sonora; step-out 250m expansion 2025; high-grade Ag; Minera Cascabel private Mexico operator JV; CEO Normand Champigny; TSX.V: MGG
BKRC,Brixton Metals Corporation,TSX.V / OTCQB,Canada,Canada,British Columbia,Explorer,"Langis Ag Project BC (Golden Triangle; 5,791 g/t Ag over 1.75m within 721.4 g/t Ag over 14.45m — exceptional grade); Atlin Goldfields BC; Thorn BC",Primary,Silver,~$30M mkt cap; Langis BC exceptional silver grades in Golden Triangle; TSX.V: BBB; OTCQB: BXMTF; also Atlin Au-Ag BC; strong grade results 2025
PCIF,Pacifica Silver Corp.,TSX.V,Canada,Mexico,Chihuahua,Explorer,Claudia Ag-Au MX (Chihuahua; multiple high-grade Ag-Au intercepts at Aguilareña zone; growing drill success 2025),Primary,Silver,~$20M mkt cap; Claudia MX multiple high-grade Ag-Au intercepts 2025; Chihuahua Mexico; CEO; TSX.V: PAC
MVCO,Silver Spruce Resources Inc.,TSX.V,Canada,Canada,Newfoundland,Explorer,Punitaqui Ag-Cu CL; Newfoundland gold-silver targets; early-stage explorer,Primary,Silver,Early-stage explorer TSX.V: SSE
ASTR,Astra Exploration Ltd.,TSX.V,Canada,Argentina,Mendoza,Explorer,La Manchuria Ag MX: 6.3m @ 837 g/t Ag + 3.32 g/t Au new discovery 2025; emerging high-grade silver-gold discovery Argentina,Primary,Silver,~$20M mkt cap; La Manchuria MX new discovery 2025 — 837 g/t Ag bonanza intercept; Argentina exploration; TSX.V: ASTR
CAPT,Capitan Silver Corp.,TSX.V / OTCQB,Canada,Mexico,Chihuahua,Explorer,"Cruz De Plata Ag Project MX (Chihuahua; 2,451 g/t AgEq over 1.5m within 684 g/t AgEq over 9.1m; consistent high-grade results 2025; new zone high-grade)",Primary,Silver,~$40M mkt cap; Cruz De Plata MX consistent high-grade Ag-Au results 2025; Chihuahua Mexico; CEO; TSX.V: CAPT; OTCQB: CAPTF
XSR,Silver One Resources Inc.,TSX.V / OTCQB,Canada,"USA, Mexico","Nevada, Sonora",Explorer/Developer,Candelaria Ag Project NV (past-producing Walker Lane high-grade Ag vein; restart feasibility); Peñoles de Plata MX Sonora; Nevada + Mexico dual jurisdiction,Primary,Silver,~$50M mkt cap; Candelaria NV Walker Lane past-producing Ag vein restart; CEO Greg Crowe; TSX.V: SVE; OTCQB: SLVRF
SLCO,Silverton Metals Corp.,TSX.V,Canada,Colombia,Antioquia,Explorer,Cooke Mountain Ag-Au-Pb-Zn CO (inaugural 250Moz AgEq inferred 2024; Silverton vein corridor; district-scale NW Colombia),Primary,Silver,~$100M mkt cap; Cooke Mountain CO 250Moz AgEq inaugural resource 2024; district-scale Colombia; CEO Chris Ackerman; TSX.V: SLCO; Antioquia Colombia established mining jurisdiction
CDPR,Cerro de Pasco Resources Inc.,TSX.V / OTCQB,Canada,Peru,Pasco Region,Developer,Quiulacocha Ag-Zn-Pb tailings PE (surface use agreement Dec 2025; historical tailings reprocessing; 90+Moz Ag historic estimate); high-grade Ag-rich urban tailings project,Primary,Silver,~$30M mkt cap; Quiulacocha PE tailings retreatment — surface rights Dec 2025; large historical Ag-Zn-Pb tailings deposit adjacent Cerro de Pasco city; CEO Guy Goulet; TSX.V: CDPR; OTCQB: GPPRF
MRB,Magma Silver Corp.,TSX.V,Canada,Peru,Apurímac Region,Explorer,Niñobamba Ag-Au Project PE (Apurímac; advanced exploration; precious metal focus Peru); building high-grade silver resource Andean belt,Primary,Silver,~$20M mkt cap; Niñobamba PE advanced silver-gold exploration; Peru Andean belt; CEO; TSX.V: MGMA; building resource toward PEA
SGM,Sierra Madre Gold and Silver Ltd.,TSX.V / OTCQX,Canada,Mexico,Chihuahua,Producer (mid-tier),La Guitarra Ag-Au MX (Chihuahua; mining fresh ore + higher-grade areas by year-end 2025 per VSA Capital report; restarting production; high-grade historic mine),Primary,Silver,~$50M mkt cap; La Guitarra MX restart; fresh ore + higher-grade focus 2025; CEO Alexander Langer; TSX.V: SM; OTCQX: SMDRF
VZZ,Vizsla Copper (separate from VZLA),Note,N/A,N/A,N/A,Note,Vizsla Copper Corp (TSX.V: VCU) is a COPPER explorer — separate from Vizsla Silver (VZLA). Do not confuse.,Primary,Silver,Note: VCU = Vizsla Copper (separate company from VZLA = Vizsla Silver). Different companies.
SAND,Sandstorm Gold Royalties (Gold+Silver),NYSE / TSX,Canada,Global,"Americas, Africa, Australia",Royalty/Streaming,200+ royalties; Hod Maden TK Au cornerstone (3.6Moz); Aurizona BR stream; Santa Elena MX Ag-Au stream; both gold and silver streams contributing meaningfully to revenue,Both,Gold+Silver,"Note: SAND classified as Gold (>50%) in Gold tab. Listed here also because Santa Elena MX Ag stream + other silver royalties meaningful. Check revenue split annually. If silver component grows, may reclassify."
TFPM,Triple Flag Precious Metals (Gold+Silver),NYSE / TSX,Canada,Global,"Americas, Australia",Royalty/Streaming,Cerro Lindo PE Ag stream + gold/platinum streams; balanced precious metals portfolio; CEO Shaun Usmar; gold dominant but silver component meaningful,Both,Gold+Silver,Cross-reference: TFPM classified as Gold (primary) in Gold tab. Listed here as reference due to silver stream at Cerro Lindo. Check annual revenue split.
SSL,Sandstorm Gold (TSX:SSL),Note,Canada,Global,Global,Note,TSX ticker SSL = Sandstorm Gold Royalties. NYSE ticker SAND. Same company. See SAND entry in Gold tab.,Both,Gold+Silver,SSL (TSX) = SAND (NYSE) = Sandstorm Gold Royalties. See SAND entry in Gold tab for full details.
FNLPF,Fortuna Silver Mines Inc.,NYSE / TSX,Canada,"Americas, West Africa","Peru, Mexico, Argentina, Côte d'Ivoire, Senegal",Producer (mid-tier),"San Jose MX (Ag-Au), Caylloma PE (Ag-Zn-Pb), Séguéla CI (gold new 2023), Yaramoko BF (divesting), Diamba Sud SN dev; transitioning Ag→gold balanced",Both,Gold+Silver,~$2.5B mkt cap; NYSE: FSM; TSX: FVI; Séguéla CI gold mine opened 2023 transforms revenue mix; CEO Jorge Ganoza Durant; now ~45-50% silver / 45-50% gold revenue — genuinely balanced; Caylloma PE Ag-Zn-Pb; Yaramoko BF divestment streamlines
AYA2,Aya Gold & Silver (Gold component note),Note,Canada,Morocco,Taroudant Province,Note,AYA primarily silver — see Silver tab entry. Boumadine MA property has meaningful Au. Classified Silver tab due to Zgounder primary silver revenue >50%.,Both,Gold+Silver,See Silver tab AYA entry. Classified as Silver primary due to Zgounder mine revenue dominance.
SSO,Avino Silver & Gold Mines Ltd.,NYSE / TSX,Canada,"Mexico, Canada","Durango, British Columbia",Producer (mid-tier),Avino Mine MX (Durango; Ag-Au-Cu; growing production to 3-4Moz AgEq/yr; record 2025 results); La Preciosa MX (Ag-Cu dev; advancing to production); San Gonzalo MX,Both,Gold+Silver,~$200M mkt cap; Avino Mine MX multi-metal Ag-Au-Cu; record 2025 results; CEO David Wolfin; La Preciosa advancing; NYSE: ASM; TSX: ASM; genuinely balanced Ag+Au exposure; key difference from pure silver is Cu component
AXU,Alexco Resource Corp.,Note,Canada,Canada,Yukon,Note,Acquired by Hecla Mining (NYSE: HL) in 2022 for C$105M. Keno Hill YK silver assets now inside Hecla's portfolio. AXU ticker delisted. See HL entry in Silver tab.,Both,Gold+Silver,Historical: Alexco acquired by Hecla Mining (HL) 2022. Keno Hill YK now part of HL. See HL entry.
SVL,Silverton Metals (SLCO on TSX.V),Note,N/A,N/A,N/A,Note,TSX.V: SLCO = Silverton Metals Corp. See SLCO entry in Silver tab.,Both,Gold+Silver,Same as SLCO entry in Silver tab.
SKE2,Skeena Resources (Gold+Silver note),Note,Canada,Canada,British Columbia,Note,"Eskay Creek BC: ~10Moz AuEq total, but 80Moz Ag component meaningful. Classified in Gold tab (gold-dominant revenue projection). Relevant here for silver content.",Both,Gold+Silver,See Gold tab SKE entry. Eskay Creek has ~80Moz Ag component — high-silver gold mine. Could reclassify to 'Both' tab once production data available.
GGD,GoGold Resources Inc. (Gold+Silver),TSX,Canada,Mexico,"Jalisco, Durango",Explorer/Developer,"Los Ricos North+South Jalisco MX (11Moz AuEq Ag-Au; classified Gold tab >50% Au), Parral Ag tailings MX (1.5Moz Ag/yr cash flow — significant silver); dual precious metals",Both,Gold+Silver,TSX: GGD. Classified in Gold tab but Parral tailings generate meaningful Ag cash flow. GGD is a valid 'Both' name — Los Ricos is Au-dominant but Parral is Ag-dominant. Listed here for reference; primary listing in Gold tab.
SIE,Sierra Madre Gold and Silver (Note),Note,Canada,Mexico,Chihuahua,Note,TSX.V: SM. See SLCO entry in Silver Explorers section and SGM entry in Silver Developers section. Correct ticker is SM / SMDRF.,Both,Gold+Silver,La Guitarra MX is Au-Ag. See SGM entry in Silver tab.
PHSM,WisdomTree Physical Precious Metals,LSE,UK,UK,HSBC London vaults,Physical ETF,"Multi-metal ETP: Gold 57.5%, Silver 29.5%, Platinum 8.5%, Palladium 4.5%; London vaults; GBP/USD/EUR classes; combined precious metals exposure",Both,Gold+Silver,WisdomTree Physical Precious Metals Basket ETP; ~A$400M AUM; 57.5% gold + 29.5% silver (combined >50% of basket); popular for investors wanting all 4 precious metals exposure; LSE listed: PHPM; multiple European exchanges
MNY,iShares Physical Metals Basket ETC,LSE,UK,UK,JP Morgan vaults,Physical ETF,LSE-listed multi-metal basket ETC; gold+silver+platinum+palladium; physically backed; iShares/BlackRock; diversified precious metals basket exposure,Both,Gold+Silver,BlackRock iShares multi-precious-metal ETC; London listed; physically backed; good for investors wanting balanced precious metals basket without commodity futures exposure
DV2,Dolly Varden Silver (cross-reference),Note,Canada,Canada,British Columbia,Note,DV primarily silver (Golden Triangle BC). Homestake deposit has high gold too. Classified Silver tab. Post-CTGO merger = combined Au-Ag company. Watch post-merger revenue split.,Both,Gold+Silver,DV is Silver-primary but post-Contango merger (Dec 2025) the combined entity will have meaningful AK gold (Lucky Shot) + BC silver. Revenue split post-merger may shift to 'Both'. Monitor.
AGV,Agnico Eagle (strategic stakes — note),Note,Canada,Canada,Various,Note,AEM has taken strategic equity stakes in multiple Canadian junior gold explorers 2024-2025 (noted in MINING.COM reporting). These juniors are not named here but AEM's treasury investment validates their projects.,Both,Gold+Silver,AEM strategic stakes in multiple unnamed Canadian gold juniors 2024-2025. Cross-reference AEM entry in Gold tab. These juniors may become AEM acquisition targets.
GGG,Golconda Gold Ltd.,TSX.V,Canada,"South Africa, USA","Barberton Greenstone Belt ZA, New Mexico USA",Producer (mid-tier),"Galaxy Au Mine ZA (Barberton Greenstone Belt; 13,020 oz Au produced 2025 +69% YoY); Summit high-grade Ag-Au mine NM (restart H2 2026; planned spinout as standalone US Ag-Au co)",Both,Gold+Silver,~$100M mkt cap; 646% TSXV 50 2025 gain; Galaxy ZA tripling production target; Summit NM high-grade Ag-Au restart 2026; planned Summit spinout as standalone US company; CEO; dual ZA gold + US silver-gold; TSX.V: GG
AGSTF,Andean Precious Metals Corp.,TSX.V / OTCQB,Canada,"Bolivia, Argentina, Chile","Potosí BO, Salta AR",Producer (mid-tier),"San Bartolomé Ag mine BO (4Moz Ag/yr; operated by Coeur Mining originally, now Andean); exploring Argentina+Chile Au-Ag targets",Both,Gold+Silver,~$150M mkt cap; San Bartolomé BO = significant silver production; Argentina+Chile Au-Ag exploration; CEO Alberto Morales; TSX.V: NPM; OTCQB: AGSTF; Bolivia political risk but established mine
TRX,Torchlight Energy (not gold/silver),Note,N/A,N/A,N/A,Note,TRX is not a gold or silver company. Remove from database.,Both,Gold+Silver,Remove — not relevant to precious metals database.
